category;article;title;price;discount_price;discount_sign;in_stock;description;brand;url_image
Шины и диски;1000886;Диск ALCASTA M23 [M23 6x15/4x100 ET40 DIA60,1];3456;2592;1;3;;ALCASTA;http://magazilla.ru/jpg_zoom1/435026.jpg http://mzimg.com/big/j1/eiw3d2b9tj1.jpg
Шины и диски;1000888;Диск ALCASTA M27 [M27 6,5x16/5x112 ET46 DIA57,1];4018;3415;1;8;;ALCASTA;http://mzimg.com/big/u1/eiw4lpcoiu1.jpg http://mzimg.com/big/g1/eiw4m5oeeg1.jpg http://mzimg.com/big/x1/eiw4mbloex1.jpg http://mzimg.com/big/a1/eiw4mflxea1.jpg
Шины и диски;1000900;Диск Cross Street Y4601 [Y4601 6x15/4x108 ET50 DIA63,3];3456;3456;0;12;;Cross Street;http://magazilla.ru/jpg/738877.jpg
Шины и диски;1000901;Диск Cross Street Y5314 [Y5314 6,5x16/5x112 ET46 DIA57,1];3854;2891;1;13;;Cross Street;http://magazilla.ru/jpg/738890.jpg
Шины и диски;1000903;Диск Cross Street Y969 [Y969 6x14/4x100 ET35 DIA73,1];2614;2222;1;12;;Cross Street;http://magazilla.ru/jpg/799336.jpg
Шины и диски;1000906;Диск Enkei LM01 [LM01 8,5x20/5x120 ET45 DIA72,6];13750;13750;0;8;;Enkei;http://magazilla.ru/jpg_zoom1/532635.jpg http://mzimg.com/big/s1/epbd67e5ds1.jpg
Шины и диски;1000909;Диск Enkei PF01 [PF01 8,5x18/5x114,3 ET35 DIA75,1];19910;14933;1;12;;Enkei;http://magazilla.ru/jpg_zoom1/799413.jpg http://mzimg.com/big/31/f30yq3a6a31.jpg http://mzimg.com/big/01/f30yq9lfq01.jpg http://mzimg.com/big/p1/f30yqf2o6p1.jpg
Шины и диски;1000910;Диск Enkei PF01 [PF01 9x18/5x114,3 ET35 DIA75,1];19910;16924;1;12;;Enkei;http://magazilla.ru/jpg_zoom1/799413.jpg http://mzimg.com/big/31/f30yq3a6a31.jpg http://mzimg.com/big/01/f30yq9lfq01.jpg http://mzimg.com/big/p1/f30yqf2o6p1.jpg
Мобильные и аксессуары;1003268;Мобильный телефон Nokia 150 Dual Sim;2054;2054;0;11;"Вес (г): 81; Размеры (мм): 118х50.2х13.5; Емкость (мАч): 1200; Аккумулятор: Li-Ion; фонарик; mini-Jack (3.5 мм); microUSB; FM-приемник; Bluetooth; GPRS; Вспышка; Камера (основная): 0.3; разрешение (пикс): 320x240; Основной дисплей: дисплей (""): 2.4; Корпус: моноблок; Режим работы SIM-карт: попеременный ";Nokia;http://magazilla.ru/jpg_zoom1/1003268.jpg http://mzimg.com/big/v1/faqb3fcxfv1.png http://mzimg.com/big/d1/faqb6u5b6d1.jpg http://mzimg.com/big/e1/faqb6zp8re1.jpg
Мобильные и аксессуары;1003269;Мобильный телефон Nokia 150;2739;2054;1;2;"Вес (г): 81; Размеры (мм): 118х50.2х13.5; Емкость (мАч): 1200; Аккумулятор: Li-Ion; фонарик; mini-Jack (3.5 мм); microUSB; FM-приемник; Bluetooth; GPRS; Вспышка; Камера (основная): 0.3; разрешение (пикс): 320x240; Основной дисплей: дисплей (""): 2.4; Корпус: моноблок; ОС: отсутствует; GSM; Тип устройства: телефон";Nokia;http://magazilla.ru/jpg_zoom1/1003269.jpg http://mzimg.com/big/g1/faqays1pxg1.png http://mzimg.com/big/e1/faqb0jq36e1.jpg http://mzimg.com/big/g1/faqb0psscg1.jpg http://moscow.shop.megafon.ru/images/goods/982/98225_p_8_3.jpg http://moscow.shop.megafon.ru/images/goods/982/98227_p_8_3.jpg
Мобильные и аксессуары;1004978;Мобильный телефон Lenovo Vibe K5 Note Pro;12639;10743;1;2;"Вес (г): 165; Размеры (мм): 152x75.7x8.5; Емкость (мАч): 3500; Аккумулятор: Li-Pol; фонарик; шумоподавление; mini-Jack (3.5 мм); microUSB; FM-приемник; Цифровой компас; Поддержка ГЛОНАСС; GPS-модуль; aGPS; NFC-чип; USB хост; Bluetooth; Wi-Fi; EDGE; GPRS; Вспышка; Автофокус; Видео (основная): 1920х1080";Lenovo;http://magazilla.ru/jpg_zoom1/1004978.jpg http://mzimg.com/big/21/fasyxz5zm21.png http://mzimg.com/big/o1/fasz0d86ro1.png http://mzimg.com/big/b1/fasz2mmgeb1.jpg http://mzimg.com/big/e1/fasz2u1qie1.jpg http://mzimg.com/big/q1/fasyuoo80q1.jpg http://mzimg.com/big/s1/fasz1z4m0s1.jpg
Мобильные и аксессуары;100538;Мобильный телефон Nokia N8;5709;5709;0;13;«Флагманский» смартфон 2010 года, первое устройство под управлением Symbian^3 (хотя каких-либо коренных изменений операционная система не претерпела). Оснащён сенсорным экраном с поддержкой мультитач, 12-мегапиксельная камера позволяет снимать HD-видео 720p. Есть разъём HDMI, однако стандартный кабель к нему не подходит. Батарея имеет довольно невысокую ёмкость для своего класса. ;Nokia;http://magazilla.ru/jpg_zoom1/100538.jpg http://mzimg.com/big/d6/d507b884hd6.jpg http://mzimg.com/big/74/d5c73wm9574.jpg http://mzimg.com/big/a2/d5mmb3ga0a2.jpg http://mzimg.com/big/c6/dfgqz8fdkc6.jpg http://mzimg.com/big/a2/d5mm3xd43a2.jpg http://mzimg.com/big/w2/d5mmap33tw2.jpg http://mzimg.com/big/22/d5mmbjgij22.jpg http://mzimg.com/big/b1/dgv4ucurvb1.jpg http://mzimg.com/big/61/dgv4vh8wu61.jpg http://mzimg.com/big/04/dvo41lwli04.jpg http://i4.dixis.net/1/7763/77628005/afacdb/nokia-n8.jpg http://i4.dixis.net/1/7763/77628005/afacdb/nokia-n8.jpg http://originaltrade.ru/wa-data/public/shop/products/64/19/1964/images/3181/3181.970.jpg http://i4.dixis.net/1/7763/77628005/afacdb/nokia-n8.jpg http://i4.dixis.net/1/7763/77628005/afacdb/nokia-n8.jpg http://i4.dixis.net/1/7763/77628005/afacdb/nokia-n8.jpg
Мобильные и аксессуары;1006879;Мобильный телефон Homtom HT16;4508;3381;1;2;"Вес (г): 130; Размеры (мм): 144x72.1x8.9; Емкость (мАч): 3000; Аккумулятор: Li-Ion; фонарик; mini-Jack (3.5 мм); microUSB; FM-приемник; GPS-модуль; aGPS; USB хост; Bluetooth; Wi-Fi; EDGE; GPRS; Вспышка; Автофокус; Камера (основная): 8; Слот для карт; Память (ГБ): 8; ОЗУ (ГБ): 1; Графический процессор: ARM Mali-400 MP2";Homtom;http://magazilla.ru/jpg_zoom1/1006879.jpg http://mzimg.com/big/v1/faxby3nrzv1.jpg http://mzimg.com/big/51/faxbyb55851.jpg http://mzimg.com/big/g1/faxbyks7ug1.jpg http://mzimg.com/big/71/faxbzvrzl71.jpg http://mzimg.com/big/u1/faxc02vqiu1.jpg http://mzimg.com/big/71/faxc0fgqa71.jpg http://mzimg.com/big/91/faxc0ozqx91.jpg
Мобильные и аксессуары;1006904;Мобильный телефон Homtom HT20;8138;6917;1;15;"Размеры (мм): 154x77.8x8.9; Емкость (мАч): 3500; Аккумулятор: Li-Ion; ударозащита; пыле-, влагозащита; фонарик; mini-Jack (3.5 мм); microUSB; FM-приемник; GPS-модуль; aGPS; Bluetooth; Wi-Fi; EDGE; GPRS; Вспышка; Автофокус; Камера (основная): 13; Слот для карт; Память (ГБ): 16; ОЗУ (ГБ): 2; Графический процессор: ARM Mali-T720 ";Homtom;http://magazilla.ru/jpg_zoom1/1006904.jpg http://mzimg.com/big/a1/faxc9yhg6a1.jpg http://mzimg.com/big/11/faxca9pks11.jpg http://mzimg.com/big/y1/faxcahnucy1.jpg http://mzimg.com/big/v1/faxcaspgyv1.jpg http://mzimg.com/big/z1/faxcayjqez1.jpg http://mzimg.com/big/11/faxcb77ue11.jpg http://mobicom-m.ru/image/cache/catalog/products/homtom/homtom-ht20/homtom-ht20-16gb-green-600x600.jpg http://mobicom-m.ru/image/cache/catalog/products/homtom/homtom-ht20/homtom-ht20-16gb-orange-600x600.jpg http://mobicom-m.ru/image/cache/catalog/products/homtom/homtom-ht20/homtom-ht20-16gb-black-600x600.jpg http://mobicom-m.ru/image/cache/catalog/products/homtom/homtom-ht20/homtom-ht20-16gb-white-600x600.jpg
Мобильные и аксессуары;1006919;Мобильный телефон Homtom HT3;4508;4508;0;15;"Вес (г): 150; Размеры (мм): 145.3х73х7.5; Емкость (мАч): 3000; Аккумулятор: Li-Ion; фонарик; mini-Jack (3.5 мм); microUSB; FM-приемник; GPS-модуль; Bluetooth; Wi-Fi; EDGE; GPRS; Вспышка; Автофокус; Камера (основная): 5; Слот для карт; Память (ГБ): 8; ОЗУ (ГБ): 1; Графический процессор: ARM Mali-400 MP1 ";Homtom;http://magazilla.ru/jpg_zoom1/1006919.jpg http://mzimg.com/big/u1/faxcoardzu1.jpg http://mzimg.com/big/f1/faxcokjyyf1.jpg http://mzimg.com/big/y1/faxcosrs5y1.jpg http://ltmix.ru/image/cache/data/smart-homtom/ht3/homtom-ht3-chernyj-1-600x600.jpg http://ltmix.ru/image/cache/data/smart-homtom/ht3/homtom-ht3-1-600x600.jpg
Мобильные и аксессуары;1007063;Мобильный телефон Homtom HT7;4728;3546;1;11;"Вес (г): 170; Размеры (мм): 153.8x77x9.9; Емкость (мАч): 3000; Аккумулятор: Li-Ion; фонарик; mini-Jack (3.5 мм); microUSB; GPS-модуль; aGPS; Bluetooth; Wi-Fi; EDGE; GPRS; Вспышка; Камера (основная): 5; AnTuTu Benchmark: 24312; Слот для карт; Память (ГБ): 8; ОЗУ (ГБ): 1; Графический процессор: ARM Mali-400 MP ";Homtom;http://magazilla.ru/jpg_zoom1/1007063.jpg http://mzimg.com/big/w1/faxfnyamow1.jpg http://mzimg.com/big/z1/faxfoae7jz1.jpg http://mzimg.com/big/p1/faxfofqw1p1.jpg http://mzimg.com/big/q1/faxfom097q1.jpg http://mzimg.com/big/m1/faxfov86wm1.jpg http://mzimg.com/big/j1/faxfo611sj1.jpg http://mzimg.com/big/j1/faxfp0g5tj1.jpg http://ltmix.ru/image/cache/data/smart-homtom/ht7/homtom-ht7-chernyj-1-600x600.jpg http://ltmix.ru/image/data/smart-homtom/ht7/homtom-ht7-belyj-2.jpg
Мобильные и аксессуары;1007866;Мобильный телефон Philips X586;7249;6162;1;15;"Вес (г): 168; Размеры (мм): 144.2х71.8х8.9; Емкость (мАч): 3000; Аккумулятор: Li-Ion; фонарик; mini-Jack (3.5 мм); microUSB; GPS-модуль; aGPS; Bluetooth; Wi-Fi; EDGE; GPRS; Вспышка; Автофокус; Видео (основная): 1280x720; Камера (основная): 13; Слот для карт; Память (ГБ): 16; ОЗУ (ГБ): 2; Графический процессор: ARM Mali-T720 MP2";Philips;http://magazilla.ru/jpg_zoom1/1007866.jpg http://mzimg.com/big/91/faxmr77zq91.jpg http://mzimg.com/big/p1/faxmrdw3sp1.jpg http://mzimg.com/big/31/faxmrk55b31.jpg http://1cena.ru/media/images/items/ http://files.oldi.ru/export/0000000022/0461464_5.jpg http://items.s1.citilink.ru/410584_v01_b.jpg
Мобильные и аксессуары;100861;Мобильный телефон Nokia X2 old;3628;3628;0;8;Недорогой телефон «музыкальной» серии Nokia. Традиционно оснащён разъёмом 3,5 мм и внешними клавишами управления плеером, из технических особенностей — два динамика и довольно мощная для своего класса камера (5 Мп со вспышкой). Штатная батарея обеспечивает более 13 часов в режиме разговора и вдвое больше — в режиме плеера. Оптимизирован для доступа к Facebook.   ;Nokia;http://magazilla.ru/jpg_zoom1/100861.jpg http://mzimg.com/big/x6/d9waljyrzx6.jpg http://mzimg.com/big/66/d9wambtze66.png http://mzimg.com/big/26/d9wan939v26.jpg http://mzimg.com/big/d6/diknmtgnid6.jpg
Канцелярия;1001303;Карандаши Koh-i-Noor 8971 4B;82;62;1;10;"Твердость грифеля: 4B; Длина грифеля (мм): 120; Диаметр грифеля (мм): 10.5; Назначение: простой; Тип: карандаш";Koh-i-Noor;http://magazilla.ru/jpg/1001303.jpg
Канцелярия;1010346;Ежедневник Moleskine PRO New Weekly Planner Soft Large Black;2288;1945;1;2;"Наличие карманов; Застежка/резинка; Переплет: мягкий; Плотность бумаги: 70; Формат: A5; Тип: записная книжка";Moleskine;http://magazilla.ru/jpg_zoom1/1010346.jpg
Канцелярия;1193551;Ручка Faber-Castell Ecco Pigment 0.3 Black;159;159;0;2;"Материал корпуса: пластик; Цвет чернил: черный; Клипса; Тип ручки: линер";Faber-Castell;http://magazilla.ru/jpg_zoom1/1193551.jpg
Канцелярия;1193559;Ручка Faber-Castell Ecco Pigment 0.4 Black;159;119;1;15;"Материал корпуса: пластик; Цвет чернил: черный; Клипса; Тип ручки: линер";Faber-Castell;http://magazilla.ru/jpg_zoom1/1193559.jpg
Канцелярия;1194702;Ручка Pilot Frixion Point 05 Blue Ink;159;135;1;13;"Материал корпуса: пластик; Цвет чернил: синий; Клипса; Ластик; Тип ручки: линер";Pilot;http://magazilla.ru/jpg_zoom1/1194702.jpg
Канцелярия;1194712;Ручка Pilot Frixion Point 05 Black Ink;159;159;0;6;"Материал корпуса: пластик; Цвет чернил: черный; Клипса; Ластик; Тип ручки: линер";Pilot;http://magazilla.ru/jpg_zoom1/1194712.jpg
Канцелярия;1194714;Ручка Pilot Frixion Pro 07 Blue Ink;159;119;1;9;"Материал корпуса: пластик; Цвет чернил: синий; Клипса; Ластик; Тип ручки: линер";Pilot;http://magazilla.ru/jpg_zoom1/1194714.jpg
Канцелярия;1194719;Ручка Pilot Frixion Pro 07 Black Ink;159;135;1;2;"Материал корпуса: пластик; Цвет чернил: синий; Клипса; Ластик; Тип ручки: линер";Pilot;http://magazilla.ru/jpg_zoom1/1194719.jpg
Канцелярия;1194758;Ручка Parker Jotter K63 Bond Street Black CT;999;999;0;6;"Материал корпуса: металл; Цвет чернил: синий; С футляром; Клипса; Авторучка; Тип ручки: шариковая";Parker;http://magazilla.ru/jpg_zoom1/1194758.jpg http://mzimg.com/big/z1/fj1utbcsuz1.jpg
Канцелярия;1194775;Ручка Parker Jotter K63 Chelsea Orange CT;1010;758;1;2;"Материал корпуса: металл; Цвет чернил: синий; С футляром; Клипса; Авторучка; Тип ручки: шариковая";Parker;http://magazilla.ru/jpg_zoom1/1194775.jpg
3D очки;1016606;3D очки Optoma ZD302;4249;3612;1;4;"Использование с обычными очками; Время работы (ч): 40; Индикатор состояния батареи; Включение: ручное; для проектора; Размер: стандартный (L); Тип: активные";Optoma;http://magazilla.ru/jpg_zoom1/1016606.jpg http://mzimg.com/big/y1/fb81236fty1.jpg http://mzimg.com/big/n1/fb814v4z3n1.jpg http://mzimg.com/big/x1/fb8166bm8x1.jpg http://mzimg.com/big/i1/fb816ca9si1.jpg
3D очки;1021102;3D очки SIM2 Visus RF 2;67320;67320;0;10;"Включение: ручное; для проектора; 3D трансмиттер; Размер: стандартный (L); Тип: активные";SIM2;http://magazilla.ru/jpg_zoom1/1021102.jpg
3D очки;1021105;3D очки SIM2 Visus RF 4;111760;83820;1;10;"Включение: ручное; для проектора; 3D трансмиттер; Размер: стандартный (L); Тип: активные";SIM2;http://magazilla.ru/jpg_zoom1/1021105.jpg
3D очки;1021128;3D очки SIM2 Visus RF 7;223520;189992;1;14;"Включение: ручное; для проектора; 3D трансмиттер; Размер: стандартный (L); Тип: активные";SIM2;http://magazilla.ru/jpg_zoom1/1021128.jpg
3D очки;1189619;3D очки Optoma ZF2300;5249;5249;0;6;"Использование с обычными очками; Время работы (ч): 60; Включение: ручное; для проектора; Размер: стандартный (L); Тип: активные";Optoma;http://magazilla.ru/jpg_zoom1/1189619.jpg
3D очки;167771;3D очки Philips PTA436;1320;990;1;6;"Использование с обычными очками; Включение: автоматическое; для телевизора; Размер: регулируемый; Тип: пассивные";Philips;http://magazilla.ru/jpg_zoom1/167771.jpg http://mzimg.com/big/66/dpkur3aku66.jpeg
3D очки;225157;3D очки LG AG-F360;2365;2010;1;7;"Использование с обычными очками; Включение: автоматическое; для телевизора; Размер: стандартный (L); Тип: пассивные";LG;http://magazilla.ru/jpg/225157.jpg
3D очки;225166;3D очки Mitsubishi EY-3DGS-1U;20244;20244;0;4;"Включение: ручное; для проектора; Размер: стандартный (L); Тип: активные";Mitsubishi;http://magazilla.ru/jpg_zoom1/225166.jpg
3D очки;246743;3D очки Epson ELPGS03;5436;4077;1;3;"Использование с обычными очками; Время работы (ч): 40; Индикатор состояния батареи; Включение: ручное; для проектора; Размер: стандартный (L); Тип: активные";Epson;http://magazilla.ru/jpg_zoom1/246743.jpg
3D очки;246752;3D очки JVC PK-AG3;13739;11678;1;3;"Время работы (ч): 100; Включение: автоматическое; для проектора; 3D трансмиттер; Размер: стандартный (L); Тип: активные";JVC;http://magazilla.ru/jpg_zoom1/246752.jpg
DVD,Blu-ray плееры;1082263;DVD/Blu-ray плеер Yamaha BD-A1060;54989;54989;0;7;;Yamaha;http://magazilla.ru/jpg_zoom1/1082263.jpg http://mzimg.com/big/z1/fe3slqw5ez1.jpg http://mzimg.com/big/x1/fe3slr0bgx1.jpg
DVD,Blu-ray плееры;1082299;DVD/Blu-ray плеер Yamaha BD-S681;22423;16817;1;14;;Yamaha;http://magazilla.ru/jpg_zoom1/1082299.jpg http://mzimg.com/big/k1/fe3t70tiyk1.jpg http://mzimg.com/big/g1/fe3t717keg1.jpg
DVD,Blu-ray плееры;1111351;DVD/Blu-ray плеер Supra DVS-207X;1859;1580;1;3;;Supra;http://magazilla.ru/jpg_zoom1/1111351.jpg
DVD,Blu-ray плееры;147911;DVD/Blu-ray плеер Mystery MDV-728U;1394;1394;0;9;;Mystery;http://magazilla.ru/jpg_zoom1/147911.jpg
DVD,Blu-ray плееры;167299;DVD/Blu-ray плеер Pioneer BDP-LX55;43989;32992;1;9;;Pioneer;http://magazilla.ru/jpg_zoom1/167299.jpg
DVD,Blu-ray плееры;167313;DVD/Blu-ray плеер Sony DVP-SR320;2402;2042;1;8;;Sony;http://magazilla.ru/jpg_zoom1/167313.jpg
DVD,Blu-ray плееры;171126;DVD/Blu-ray плеер Onkyo BD-SP809;51689;51689;0;5;;Onkyo;http://magazilla.ru/jpg_zoom1/171126.jpg http://mzimg.com/big/31/fddcd57jm31.jpg http://mzimg.com/big/s1/fddcd5ksls1.jpg http://mzimg.com/big/21/fddcd5p4i21.jpg
DVD,Blu-ray плееры;200639;DVD/Blu-ray плеер Denon DBT-1713UD;102289;76717;1;9;;Denon;http://magazilla.ru/jpg_zoom1/200639.jpg http://mzimg.com/big/m1/duqnx5kcrm1.jpg http://mzimg.com/big/91/duqnx8xkz91.jpg
DVD,Blu-ray плееры;205669;DVD/Blu-ray плеер Sony DVP-SR760H;3529;3000;1;9;;Sony;http://magazilla.ru/jpg_zoom1/205669.jpg http://mzimg.com/big/p1/dvbqw1bxsp1.jpeg
DVD,Blu-ray плееры;242488;DVD/Blu-ray плеер Denon DBT-3313UD;49500;49500;0;3;;Denon;http://magazilla.ru/jpg_zoom1/242488.jpg http://mzimg.com/big/21/e01fx6os821.jpg http://mzimg.com/big/p1/e01fxginbp1.jpg http://techno777.ru/files/products/xl_de_dbt3313udci_e3_bk_re_bg001_hi.200x200.jpg?86e902718806738d716c8feecb4c8e7c http://techno777.ru/files/products/xl_de_dbt3313udci_e3_bk_re_bg001_hi.200x200.jpg?86e902718806738d716c8feecb4c8e7c
LCD телевизоры;1012443;LCD телевизор LG 43UH656V;44055;33041;1;5;"Габариты без подставки (мм): 973x572x77.2; Габариты (мм): 973x622x199; Настенное крепление VESA: 200х200 мм; браузер; Wi-Fi; Miracast; Wi-Di (беспроводной); Bluetooth; поддержка DLNA; Выходы: mini-Jack (3.5 мм) наушники; HDMI: 3 шт; LAN; USB; композитный; Входы: компонентный; DVB-S2 (спутниковое); DVB-C (кабельное) ";LG;http://magazilla.ru/jpg_zoom1/1012443.jpg http://mzimg.com/big/t1/fb4h1wp7ut1.jpg http://mzimg.com/big/31/fb4h4gsp431.jpg http://mzimg.com/big/z1/fb4h4m35bz1.jpg http://mzimg.com/big/m1/fb4h4wmpim1.jpg
LCD телевизоры;1013328;LCD телевизор Samsung UE-50J6230;49225;41841;1;4;"Габариты без подставки (мм): 1117x643x64; Габариты (мм): 1117x704x310; Потребляемая мощность (Вт): 126; Настенное крепление VESA: 200х200 мм; Поддержка сервисов: Smart Hub, Samsung Apps, Fitness, Kids, Smart View; браузер; Skype; Wi-Fi; Поддержка форматов файлов USB: AVI, MKV, ASF, WMV, MP4, MOV, 3GP, VRO";Samsung;http://magazilla.ru/jpg_zoom1/1013328.jpg http://mzimg.com/big/n1/f8wp51zymn1.jpg http://mzimg.com/big/j1/f8wp59ypwj1.jpg http://mzimg.com/big/11/f8wp4xyee11.jpg
LCD телевизоры;1017231;LCD телевизор Metz Novum 55 OLED twin R;439989;439989;0;14;"Габариты без подставки (мм): 1229x788x83; Габариты (мм): 1229x815x420; Потребляемая мощность (Вт): 158; Настенное крепление VESA: 400х400 мм; Wi-Fi; Bluetooth; запись телепередач; коаксиальный (SPDIF); Выходы: mini-Jack (3.5 мм) наушники; HDMI: 4 шт; LAN; USB; SCART; Входы: композитный; Картинка в картинке";Metz;http://magazilla.ru/jpg_zoom1/1017231.jpg
LCD телевизоры;1017250;LCD телевизор Metz Novum 65 OLED twin R;604989;453742;1;4;"Габариты без подставки (мм): 1452x911x73; Габариты (мм): 1452x941x420; Потребляемая мощность (Вт): 174; Настенное крепление VESA: 400х400 мм; Wi-Fi; Bluetooth; запись телепередач; коаксиальный (SPDIF); Выходы: mini-Jack (3.5 мм) наушники; HDMI: 4 шт; LAN; USB; SCART; Входы: композитный; Картинка в картинке";Metz;http://magazilla.ru/jpg_zoom1/1017250.jpg
LCD телевизоры;1017270;LCD телевизор Doffler 32CH15-T2;14289;12146;1;15;"Габариты без подставки (мм): 730x430x75; Габариты (мм): 730x470x190; Потребляемая мощность (Вт): 56; Настенное крепление VESA: 200х100 мм; Поддержка форматов файлов USB: AVI, DivX, MKV, MPEG4, Xvid; коаксиальный (SPDIF); Выходы: mini-Jack (3.5 мм) наушники; HDMI: 3 шт; USB; композитный; Входы: VGA; DVB-C (кабельное)";Doffler;http://magazilla.ru/jpg_zoom1/1017270.jpg http://mzimg.com/big/x1/fbdkgmgllx1.jpg http://mzimg.com/big/31/fbdkgucgk31.jpg http://mzimg.com/big/41/fbdkgysbg41.jpg http://mzimg.com/big/k1/fbdkh4j5hk1.jpg http://mzimg.com/big/j1/fbdkha3qlj1.jpg http://mzimg.com/big/r1/fbdkhggorr1.jpg http://mzimg.com/big/h1/fbdkhpurbh1.jpg http://mzimg.com/big/q1/fbdkhtt8dq1.jpg http://mzimg.com/big/c1/fbdki1g9gc1.jpg http://mzimg.com/big/01/fbdki8fdt01.jpg http://mzimg.com/big/v1/fbdkid54dv1.jpg http://mzimg.com/big/q1/fbdkij4ekq1.jpg http://mzimg.com/big/71/fbdkitpxe71.jpg http://mzimg.com/big/k1/fbdkiy8krk1.jpg
LCD телевизоры;1017284;LCD телевизор Doffler 32CH59-T2;15389;15389;0;2;"Габариты без подставки (мм): 730x435x90; Габариты (мм): 730x470x174; Потребляемая мощность (Вт): 50; Настенное крепление VESA: 200х200 мм; Поддержка форматов файлов USB: AVI, DivX, MKV, MPEG4, Xvid; Выходы: mini-Jack (3.5 мм) наушники; HDMI: 3 шт; USB; SCART; композитный; Входы: VGA; DVB-S2 (спутниковое)";Doffler;http://magazilla.ru/jpg_zoom1/1017284.jpg http://mzimg.com/big/l1/fbdl9oqojl1.jpg http://mzimg.com/big/z1/fbdla5ot4z1.jpg http://mzimg.com/big/l1/fbdladjckl1.jpg http://mzimg.com/big/x1/fbdlaip78x1.jpg http://mzimg.com/big/41/fbdlao3lq41.jpg http://mzimg.com/big/s1/fbdlatf0ks1.jpg http://mzimg.com/big/f1/fbdlb2bp3f1.jpg http://mzimg.com/big/g1/fbdlba89ng1.jpg http://mzimg.com/big/j1/fbdlblcd5j1.jpg http://mzimg.com/big/g1/fbdlbt33ug1.jpg http://mzimg.com/big/g1/fbdlc1b7vg1.jpg http://mzimg.com/big/11/fbdlc6pwb11.jpg http://mzimg.com/big/m1/fbdlcf93cm1.jpg http://mzimg.com/big/f1/fbdlcofm1f1.jpg
LCD телевизоры;1017304;LCD телевизор Doffler 40CF15-T2;23089;17317;1;12;"Габариты без подставки (мм): 910x515x70; Габариты (мм): 910x560x210; Потребляемая мощность (Вт): 70; Настенное крепление VESA: 200х200 мм; Поддержка форматов файлов USB: AVI, DivX, MKV, MPEG4, Xvid; коаксиальный (SPDIF); Выходы: mini-Jack (3.5 мм) наушники; HDMI: 3 шт; USB; композитный; Входы: VGA; DVB-C (кабельное)";Doffler;http://magazilla.ru/jpg_zoom1/1017304.jpg http://mzimg.com/big/b1/fbdmtkpt2b1.jpg http://mzimg.com/big/d1/fbdmttt1gd1.jpg http://mzimg.com/big/p1/fbdmu3enep1.jpg http://mzimg.com/big/g1/fbdmucqvzg1.jpg http://mzimg.com/big/91/fbdmuj6fm91.jpg http://mzimg.com/big/c1/fbdmup0pyc1.jpg http://mzimg.com/big/m1/fbdmuz627m1.jpg http://mzimg.com/big/21/fbdmv66yv21.jpg http://mzimg.com/big/t1/fbdmvilg3t1.jpg http://mzimg.com/big/41/fbdmz0itu41.jpg http://mzimg.com/big/p1/fbdn0b1j0p1.jpg http://mzimg.com/big/s1/fbdn0j6ixs1.jpg http://mzimg.com/big/41/fbdn0scdi41.jpg http://mzimg.com/big/w1/fbdn0ya78w1.jpg http://mzimg.com/big/a1/fbdn13vdza1.jpg
LCD телевизоры;1017434;LCD телевизор Doffler 43CF37-T2;24189;20561;1;7;"Габариты без подставки (мм): 970x560x80; Габариты (мм): 970x590x180; Потребляемая мощность (Вт): 80; Настенное крепление VESA: 200х200 мм; Поддержка форматов файлов USB: MPG, MPEG, MKV, MP4, DAT, AVI; коаксиальный (SPDIF); Выходы: mini-Jack (3.5 мм) наушники; HDMI: 3 шт; USB; композитный; компонентный";Doffler;http://magazilla.ru/jpg_zoom1/1017434.jpg http://mzimg.com/big/21/fbdqallv021.jpg http://mzimg.com/big/w1/fbdqarm36w1.jpg http://mzimg.com/big/11/fbdqaweks11.jpg http://mzimg.com/big/w1/fbdqb3fuow1.jpg http://mzimg.com/big/x1/fbdqb8cz8x1.jpg http://mzimg.com/big/m1/fbdqbsgwem1.jpg http://mzimg.com/big/51/fbdqbytaa51.jpg http://mzimg.com/big/q1/fbdqc4g1eq1.jpg http://mzimg.com/big/k1/fbdqca2lxk1.jpg http://mzimg.com/big/31/fbdqd0y1931.jpg http://mzimg.com/big/k1/fbdqd5gyfk1.jpg http://mzimg.com/big/01/fbdqdak9l01.jpg http://mzimg.com/big/41/fbdqdgtuu41.jpg http://mzimg.com/big/61/fbdqdow1961.jpg http://mzimg.com/big/m1/fbdqdu4fpm1.jpg
LCD телевизоры;1017445;LCD телевизор Doffler 50CF37-T2;31889;31889;0;10;"Габариты без подставки (мм): 1130x650x80; Габариты (мм): 1130x690x250; Потребляемая мощность (Вт): 135; Настенное крепление VESA: 200х200 мм; Поддержка форматов файлов USB: MPG, MPEG, MKV, MP4, DAT, AVI; коаксиальный (SPDIF); Выходы: mini-Jack (3.5 мм) наушники; HDMI: 3 шт; USB; композитный; Входы: VGA";Doffler;http://magazilla.ru/jpg_zoom1/1017445.jpg http://mzimg.com/big/31/fbdqwtcox31.jpg http://mzimg.com/big/z1/fbdqx1gyuz1.jpg http://mzimg.com/big/11/fbdqx62qf11.jpg http://mzimg.com/big/h1/fbdqxcg6lh1.jpg http://mzimg.com/big/w1/fbdqxgq4vw1.jpg http://mzimg.com/big/71/fbdqxleg571.jpg http://mzimg.com/big/21/fbdqxsosl21.jpg http://mzimg.com/big/11/fbdqy0hvm11.jpg http://mzimg.com/big/n1/fbdqy7lrun1.jpg http://mzimg.com/big/81/fbdqyd7o581.jpg http://mzimg.com/big/31/fbdqyhs1t31.jpg http://mzimg.com/big/c1/fbdqymkztc1.jpg http://mzimg.com/big/v1/fbdqyrsc1v1.jpg http://mzimg.com/big/i1/fbdqyx4hoi1.jpg http://mzimg.com/big/a1/fbdqz3sqja1.jpg
LCD телевизоры;1020304;LCD телевизор Metz Topas 43 UHD twin R;182589;136942;1;15;"Габариты без подставки (мм): 962x643x73; Габариты (мм): 962x671x300; Потребляемая мощность (Вт): 91; Настенное крепление VESA: 400х400 мм; Wi-Fi; Bluetooth; поддержка DLNA; запись телепередач; коаксиальный (SPDIF); Выходы: mini-Jack (3.5 мм) наушники; HDMI: 4 шт; mini-Jack (3.5 мм); LAN; Входы: USB";Metz;http://magazilla.ru/jpg_zoom1/1020304.jpg http://mzimg.com/big/e1/fblo8f3o6e1.jpg http://mzimg.com/big/e1/fblo8mli4e1.jpg
Видеокамеры и аксессуары;1001877;Видеокамера Blackmagic Micro Cinema Camera;94369;80214;1;15;"Вес (г): 302; Размеры (мм): 82.5x65.4x69.5; Емкость аккумулятора (мАч): 1800; вход для микрофона; HDMI; Разъемы: USB; Типы карт памяти: SD, SDXC, SDHC; Запись звука: 48 кГц, 24 бит; Форматы записи: CinemaDNG RAW, Apple ProRes 422 HQ, 422, 422 LT и 422 Proxy; Частота кадров (кадр/с): 60; Разрешение видео (пикс): 1920x1080";Blackmagic;http://magazilla.ru/jpg_zoom1/1001877.jpg http://mzimg.com/big/g1/fapi6svmmg1.jpg http://mzimg.com/big/f1/fapi6ysbuf1.jpg http://mzimg.com/big/71/fapi73xz071.jpg http://mzimg.com/big/31/fapi798xm31.jpg http://mzimg.com/big/c1/fapi7fl31c1.jpg http://mzimg.com/big/b1/fapi7mgbqb1.jpg http://mzimg.com/big/l1/fapi7swlul1.jpg
Видеокамеры и аксессуары;1002543;Видеокамера Blackmagic URSA Mini 4K PL;328900;328900;0;14;"Вес (г): 2510; Размеры (мм): 193x147x222; выход на наушники; XLR вход микрофона; SDI; Разъемы: USB; Типы карт памяти: CFast 2.0; Сенсорный экран; Диагональ дисплея: 5; Запись звука: 48 кГц, 24 бит; Форматы записи: CinemaDNG RAW и RAW 3:1, Apple ProRes XQ, 444, 422 HQ; Частота кадров (кадр/с): 60; Разрешение видео (пикс): 4096x2160";Blackmagic;http://magazilla.ru/jpg_zoom1/1002543.jpg http://mzimg.com/big/v1/faqdtz2zgv1.jpg http://mzimg.com/big/n1/faqdza2bxn1.jpg http://mzimg.com/big/z1/faqdzflodz1.jpg http://mzimg.com/big/y1/faqdzkxnby1.jpg http://mzimg.com/big/a1/faqdzrjtza1.jpg http://mzimg.com/big/51/faqdzx6lq51.jpg http://mzimg.com/big/q1/faqe04p07q1.jpg
Видеокамеры и аксессуары;1002815;Сумка для камеры Cullmann BERLIN Compact 100;108;81;1;3;"Вес (г): 70; Материал: матерчатый; Плечевой ремень; Крепление на пояс; Внешние отделения: 1; Отделения для камеры: 95x60x20; Тип: чехол; По назначению: для фотокамер (компактов)";Cullmann;http://magazilla.ru/jpg_zoom1/1002815.jpg http://mzimg.com/big/81/faqbve6ed81.jpg http://mzimg.com/big/v1/faqbwm6jav1.jpg http://mzimg.com/big/21/faqbx777g21.jpg http://mzimg.com/big/11/faqbxeo5811.jpg http://mzimg.com/big/p1/faqbxhxifp1.jpg http://mzimg.com/big/31/faqbxxrxw31.jpg http://mzimg.com/big/31/faqby0u2231.jpg http://mzimg.com/big/q1/faqby488tq1.jpg http://mzimg.com/big/x1/faqby7pltx1.jpg http://mzimg.com/big/i1/faqbycahui1.jpg http://mzimg.com/big/u1/faqbyfofvu1.jpg http://mzimg.com/big/u1/faqbyjqayu1.jpg http://www.startphoto.ru/images/price18/tn/1317884641-11.jpg http://www.startphoto.ru/images/price18/tn/1317884947-12.jpeg http://www.startphoto.ru/images/price18/tn/1317884788-11.jpg
Видеокамеры и аксессуары;1002820;Видеокамера Blackmagic URSA Mini 4.6K PL;518650;440853;1;2;"Вес (г): 2510; Размеры (мм): 193x147x222; выход на наушники; XLR вход микрофона; SDI; Разъемы: USB; Типы карт памяти: CFast 2.0; Сенсорный экран; Диагональ дисплея: 5; Запись звука: 48 кГц, 24 бит; Форматы записи: CinemaDNG RAW, RAW 3:1 и RAW 4:1, Apple ProRes XQ, 444; Частота кадров (кадр/с): 60; Разрешение видео (пикс): 4608x2592";Blackmagic;http://magazilla.ru/jpg_zoom1/1002820.jpg http://mzimg.com/big/e1/faqedu6nde1.jpg http://mzimg.com/big/z1/faqedzsjqz1.jpg http://mzimg.com/big/n1/faqee4qmin1.jpg http://mzimg.com/big/q1/faqee9sfzq1.jpg http://mzimg.com/big/h1/faqeef6qjh1.jpg http://mzimg.com/big/p1/faqeekxcjp1.jpg http://mzimg.com/big/f1/faqeeqmyjf1.jpg
Видеокамеры и аксессуары;1003202;Видеокамера Canon EOS C700;2145000;2145000;0;6;"Вес (г): 3440; Размеры (мм): 167x154x327; выход на наушники; XLR вход микрофона; SDI; Разъемы: HDMI; Типы карт памяти: CFast, SD, SDHC; съемный микрофон; Диагональ дисплея: 3; Размер фотоснимка (пикс): 4512 x 2376 ; Запись звука: 24 бит (4 канала, 48 кГц); Форматы записи: Canon RAW .RMF, XF-AVC Intra, XF-AVC Long GOP. XF-AVC Proxy";Canon;http://magazilla.ru/jpg_zoom1/1003202.jpg http://mzimg.com/big/j1/faqikfihej1.jpg http://mzimg.com/big/h1/faqiko0e9h1.jpg http://mzimg.com/big/u1/faqiktlqfu1.jpg http://mzimg.com/big/71/faqikz61671.jpg http://mzimg.com/big/y1/faqil5ej8y1.jpg http://mzimg.com/big/l1/faqilyrvll1.jpg http://mzimg.com/big/71/faqimatuw71.jpg http://mzimg.com/big/r1/faqimgtrar1.jpg http://mzimg.com/big/a1/faqimmchpa1.jpg http://mzimg.com/big/s1/faqimsc03s1.jpg http://mzimg.com/big/b1/faqin0jssb1.jpg http://mzimg.com/big/r1/faqin72gpr1.jpg http://mzimg.com/big/b1/faqinjac0b1.jpg http://mzimg.com/big/k1/faqint8n9k1.jpg http://mzimg.com/big/11/faqio3y6e11.jpg http://mzimg.com/big/e1/faqioa2mne1.jpg http://mzimg.com/big/q1/faqiohg0kq1.jpg http://mzimg.com/big/k1/faqionlnrk1.jpg http://mzimg.com/big/31/faqiou9fn31.jpg http://mzimg.com/big/z1/faqip1zhwz1.jpg http://mzimg.com/big/l1/faqip88ugl1.jpg http://mzimg.com/big/y1/faqipdu9ly1.jpg http://mzimg.com/big/g1/faqipk0q3g1.jpg http://mzimg.com/big/31/faqipqess31.jpg http://mzimg.com/big/e1/faqipwjyve1.jpg http://mzimg.com/big/m1/faqiq2308m1.jpg http://mzimg.com/big/e1/faqir94bte1.jpg http://mzimg.com/big/t1/faqirgv8yt1.jpg http://mzimg.com/big/11/faqirmgcq11.jpg http://mzimg.com/big/k1/faqirs40pk1.jpg http://mzimg.com/big/y1/faqirxvv1y1.jpg http://mzimg.com/big/01/faqislcb501.jpg http://mzimg.com/big/m1/faqisrv6em1.jpg http://mzimg.com/big/71/faqisxc5a71.jpg http://mzimg.com/big/d1/faqit3808d1.jpg http://mzimg.com/big/u1/faqit8x3gu1.jpg http://mzimg.com/big/s1/faqitey95s1.jpg http://mzimg.com/big/m1/faqitkul6m1.jpg http://mzimg.com/big/m1/faqitrhk2m1.jpg
Видеокамеры и аксессуары;1003274;Сумка для камеры Cullmann LAGOS Compact 100;163;122;1;14;"Вес (г): 70; Материал: пластик; Крепление на пояс; Ремешок на руку; Отделение для личных вещей; Отделения для камеры: 95x60x20; Тип: чехол; По назначению: для фотокамер (компактов)";Cullmann;http://magazilla.ru/jpg_zoom1/1003274.jpg http://mzimg.com/big/81/faqcfswt081.jpg http://mzimg.com/big/91/faqcg10h291.jpg http://mzimg.com/big/s1/faqcg6qeds1.jpg http://mzimg.com/big/71/faqcgcg1g71.jpg http://mzimg.com/big/11/faqcgh1b711.jpg http://mzimg.com/big/o1/faqcgl560o1.jpg http://mzimg.com/big/01/faqcgphd801.jpg http://mzimg.com/big/h1/faqcgt7l9h1.jpg http://www.startphoto.ru/images/price18/tn/1317883961-11.jpg http://www.startphoto.ru/images/price18/tn/1317884056-11.jpg http://www.1digital.ru/prodimages/600/125851.jpg http://www.startphoto.ru/images/price18/tn/1317884514-11.jpg http://www.startphoto.ru/images/price18/tn/1317885137-11.jpg http://www.1digital.ru/prodimages/600/125850.jpg http://www.1digital.ru/prodimages/600/125849.jpg http://www.startphoto.ru/images/price18/tn/1317883342-11.jpg
Видеокамеры и аксессуары;1003283;Сумка для камеры Cullmann BERLIN Vario 200;1237;1051;1;12;"Вес (г): 160; Материал: матерчатый; Плечевой ремень; Крепление на пояс; Внешние отделения: 1; Отделения для камеры: 140x90x75; Тип: чехол; для видеокамер; По назначению: для фотокамер (компактов)";Cullmann;http://magazilla.ru/jpg_zoom1/1003283.jpg http://mzimg.com/big/31/faqcneuur31.jpg http://mzimg.com/big/51/faqcnlv8151.jpg http://mzimg.com/big/61/faqcnrwa261.jpg
Видеокамеры и аксессуары;1003288;Сумка для камеры Cullmann COMO Compact 100;526;526;0;11;"Вес (г): 50; Материал: матерчатый; Плечевой ремень; Крепление на пояс; Отделение для личных вещей; Отделения для камеры: 95x60x20; Тип: чехол; По назначению: для фотокамер (компактов)";Cullmann;http://magazilla.ru/jpg/1003288.jpg
Видеокамеры и аксессуары;1003289;Сумка для камеры Cullmann COMO Maxima 500;2728;2046;1;15;"Вес (г): 930; Материал: матерчатый; Плечевой ремень; Ручка для переноски; Отделение для личных вещей; Внешние отделения: 3; Съемные перегородки; Отделения для камеры: 210x320x180; Тип: сумка; для видеокамер; По назначению: для фотокамер (зеркальных)";Cullmann;http://magazilla.ru/jpg_zoom1/1003289.jpg http://mzimg.com/big/s1/faqd0gf2fs1.jpg
Видеокамеры и аксессуары;1003358;Видеокамера Blackmagic URSA Mini 4K EF;277225;235641;1;10;"Вес (г): 2270; Размеры (мм): 193x147x209; выход на наушники; XLR вход микрофона; SDI; Разъемы: USB; Типы карт памяти: CFast 2.0; Сенсорный экран; Диагональ дисплея: 5; Запись звука: 48 кГц, 24 бит; Форматы записи: CinemaDNG RAW и RAW 3:1, Apple ProRes XQ, 444, 422 HQ; Частота кадров (кадр/с): 60; Разрешение видео (пикс): 4096x2160";Blackmagic;http://magazilla.ru/jpg_zoom1/1003358.jpg http://mzimg.com/big/d1/faqfa9clxd1.jpg http://mzimg.com/big/i1/faqfafbe0i1.jpg http://mzimg.com/big/x1/faqfao2gbx1.jpg http://mzimg.com/big/u1/faqfb4el3u1.jpg http://mzimg.com/big/q1/faqfblffsq1.jpg http://mzimg.com/big/f1/faqfbucdlf1.jpg
Медиаплееры;1055320;Медиаплеер iconBIT XDS84K;4719;4719;0;12;"Габариты (мм): 119x119x28; Охлаждение: пассивная (без вентилятора); Входы: LAN; коаксиальный; Выходы: композитный; Wi-Fi; Мультимедиа: картридер; социальные сети; фото-сервисы; видео-сервисы; Онлайн радио; Онлайн ТВ; IPTV; BitTorrent клиент; Функции/возможности: Интернет-браузер; Объем накопителя (Гб): 8 ";iconBIT;http://magazilla.ru/jpg_zoom1/1055320.jpg http://mzimg.com/big/m1/fcyhcsh9om1.jpg http://mzimg.com/big/m1/fcyhcsva3m1.jpg
Медиаплееры;1108220;Медиаплеер Android TV Box K1 Plus DVB-S2;5489;4117;1;8;"Вес (кг): 158; Габариты (мм): 130x32x130; Охлаждение: пассивная (без вентилятора); Входы: LAN; Выходы: оптический; Wi-Fi; Bluetooth; картридер; Мультимедиа: ТВ-тюнер; социальные сети; фото-сервисы; видео-сервисы; Онлайн радио; Онлайн ТВ; BitTorrent клиент; Функции/возможности: Интернет-браузер; Объем накопителя (Гб): 8";Android TV Box;http://magazilla.ru/jpg_zoom1/1108220.jpg http://mzimg.com/big/41/ffg9tqghp41.jpg http://mzimg.com/big/h1/ffg9tqlp8h1.jpg http://mzimg.com/big/d1/ffg9tqq96d1.jpg http://mzimg.com/big/41/ffg9tqwef41.jpg http://mzimg.com/big/d1/ffg9tr1med1.jpg http://mzimg.com/big/31/ffg9tr5wb31.jpg
Медиаплееры;1108244;Медиаплеер DGmedia TV Box S3 3/16;7689;6536;1;4;"Охлаждение: активная (вентилятор); Входы: LAN; Выходы: оптический; Wi-Fi; Bluetooth; Мультимедиа: картридер; социальные сети; фото-сервисы; видео-сервисы; Онлайн радио; Онлайн ТВ; BitTorrent клиент; Функции/возможности: Интернет-браузер; Объем накопителя (Гб): 16; ОС Android; Форм-фактор: обычный";DGmedia;http://magazilla.ru/jpg_zoom1/1108244.jpg http://mzimg.com/big/o1/ffgaac2qyo1.jpg http://mzimg.com/big/t1/ffgaacg40t1.jpg
Медиаплееры;1108253;Медиаплеер DGmedia TV Box A2 1/8;3287;3287;0;8;"Охлаждение: пассивная (без вентилятора); Входы: LAN; Выходы: оптический; Wi-Fi; Мультимедиа: картридер; социальные сети; фото-сервисы; видео-сервисы; Онлайн радио; Онлайн ТВ; BitTorrent клиент; Функции/возможности: Интернет-браузер; Объем накопителя (Гб): 8; ОС Android; Форм-фактор: обычный";DGmedia;http://magazilla.ru/jpg_zoom1/1108253.jpg http://mzimg.com/big/g1/ffgarn8b4g1.jpg http://mzimg.com/big/a1/ffgarnofca1.jpg
Медиаплееры;1108266;Медиаплеер DGmedia TV Box A2 2/16;4936;3702;1;8;"Охлаждение: пассивная (без вентилятора); Входы: LAN; Выходы: оптический; Wi-Fi; Мультимедиа: картридер; социальные сети; фото-сервисы; видео-сервисы; Онлайн радио; Онлайн ТВ; BitTorrent клиент; Функции/возможности: Интернет-браузер; Объем накопителя (Гб): 16; ОС Android; Форм-фактор: обычный";DGmedia;http://magazilla.ru/jpg_zoom1/1108266.jpg http://mzimg.com/big/g1/ffgarn8b4g1.jpg http://mzimg.com/big/a1/ffgarnofca1.jpg
Медиаплееры;1154535;Медиаплеер inVin KM5;2847;2420;1;12;"Охлаждение: пассивная (без вентилятора); Входы: LAN; Выходы: композитный; Wi-Fi; Мультимедиа: картридер; социальные сети; фото-сервисы; видео-сервисы; Онлайн радио; Онлайн ТВ; IPTV; BitTorrent клиент; Функции/возможности: Интернет-браузер; Объем накопителя (Гб): 8; Поддержка 3D; ОС Android; Форм-фактор: компактный";inVin;http://magazilla.ru/jpg_zoom1/1154535.jpg http://mzimg.com/big/71/fhagr231w71.jpg http://mzimg.com/big/51/fhagr2ygr51.jpg http://mzimg.com/big/21/fhagr33dt21.jpg http://mzimg.com/big/w1/fhagr38tgw1.jpg http://mzimg.com/big/61/fhagr3fm161.jpg
Медиаплееры;1154589;Медиаплеер inVin X96 2Gb;4068;4068;0;14;"Охлаждение: пассивная (без вентилятора); Входы: LAN; оптический; Выходы: композитный; Wi-Fi; Мультимедиа: картридер; социальные сети; фото-сервисы; видео-сервисы; Онлайн радио; Онлайн ТВ; IPTV; BitTorrent клиент; Функции/возможности: Интернет-браузер; Объем накопителя (Гб): 16; Поддержка 3D; ОС Android";inVin;http://magazilla.ru/jpg_zoom1/1154589.jpg http://mzimg.com/big/q1/fhahg72jeq1.jpg http://mzimg.com/big/w1/fhahg79pgw1.jpg http://mzimg.com/big/b1/fhahg7e6ub1.jpg http://mzimg.com/big/a1/fhahg7kp4a1.jpg http://mzimg.com/big/i1/fhahg7r7qi1.jpg http://mzimg.com/big/61/fhahg7z0f61.jpg
Медиаплееры;1154792;Медиаплеер inVin X92 3Gb;7257;5443;1;7;"Охлаждение: пассивная (без вентилятора); Входы: LAN; оптический; Выходы: композитный; Wi-Fi; Мультимедиа: картридер; социальные сети; фото-сервисы; видео-сервисы; Онлайн радио; Онлайн ТВ; IPTV; BitTorrent клиент; Функции/возможности: Интернет-браузер; Объем накопителя (Гб): 32; Поддержка 3D; ОС Android";inVin;http://magazilla.ru/jpg_zoom1/1154792.jpg http://mzimg.com/big/s1/fhbax26xks1.jpg http://mzimg.com/big/11/fhbax2moe11.jpg http://mzimg.com/big/h1/fhbax2tihh1.jpg http://mzimg.com/big/u1/fhbax303eu1.jpg
Медиаплееры;1154801;Медиаплеер inVin CSA93;8569;7284;1;12;"Охлаждение: пассивная (без вентилятора); Входы: LAN; оптический; Выходы: композитный; Wi-Fi; Мультимедиа: картридер; социальные сети; фото-сервисы; видео-сервисы; Онлайн радио; Онлайн ТВ; IPTV; BitTorrent клиент; Функции/возможности: Интернет-браузер; Объем накопителя (Гб): 16; Поддержка 3D; ОС Android";inVin;http://magazilla.ru/jpg_zoom1/1154801.jpg http://mzimg.com/big/i1/fhbb9p714i1.jpg http://mzimg.com/big/i1/fhbb9pfhji1.jpg http://mzimg.com/big/y1/fhbb9pn0hy1.jpg http://mzimg.com/big/31/fhbb9ptnx31.jpg
Медиаплееры;1154809;Медиаплеер inVin CSA96;12373;12373;0;4;"Охлаждение: пассивная (без вентилятора); Входы: LAN; оптический; Выходы: композитный; Wi-Fi; Мультимедиа: картридер; социальные сети; фото-сервисы; видео-сервисы; Онлайн радио; Онлайн ТВ; IPTV; BitTorrent клиент; Функции/возможности: Интернет-браузер; Объем накопителя (Гб): 32; Поддержка 3D; ОС Android";inVin;http://magazilla.ru/jpg_zoom1/1154809.jpg http://mzimg.com/big/r1/fhbbkqqb3r1.jpg http://mzimg.com/big/71/fhbbkr4j571.jpg http://mzimg.com/big/b1/fhbbkraz3b1.jpg http://mzimg.com/big/x1/fhbbkrg98x1.jpg http://mzimg.com/big/p1/fhbbkrn6dp1.jpg http://mzimg.com/big/j1/fhbbkrudjj1.jpg
Очки виртуальной реальности;1000567;Очки виртуальной реальности VR Case RK5;2328;1746;1;10;"Вес (г): 399; Крепление на голову; Настройка межзрачкового расстояния; Настройка расстояния линз; Угол обзора (°): 70; Макс. диагональ телефона (""): 6; Источник сигнала: телефон";VR;http://magazilla.ru/jpg_zoom1/1000567.jpg http://mzimg.com/big/l1/fakwqe5s1l1.jpg http://mzimg.com/big/w1/fakwqk5vmw1.jpg http://mzimg.com/big/c1/fakwqq01kc1.jpg http://mzimg.com/big/j1/fakwqx9ofj1.jpg http://mzimg.com/big/81/fakwra0bl81.jpg http://mzimg.com/big/71/fakwrgn8e71.jpg http://mzimg.com/big/s1/fakwrmwgvs1.jpg http://mzimg.com/big/g1/fakwrt1bjg1.jpg
Очки виртуальной реальности;1000765;Очки виртуальной реальности VR Case RK3;2279;1937;1;9;"Вес (г): 392; Крепление на голову; Настройка межзрачкового расстояния; Настройка расстояния линз; Угол обзора (°): 70; Макс. диагональ телефона (""): 6; Источник сигнала: телефон";VR;http://magazilla.ru/jpg_zoom1/1000765.jpg http://mzimg.com/big/u1/fakxdsmcju1.jpg http://mzimg.com/big/51/fakxe5gs551.jpg http://mzimg.com/big/g1/fakxedibjg1.jpg
Очки виртуальной реальности;1047297;Очки виртуальной реальности VR Shinecon G01;737;737;0;7;"Крепление на голову; Настройка межзрачкового расстояния; Настройка расстояния линз; Угол обзора (°): 90; Макс. диагональ телефона (""): 6; Источник сигнала: телефон";VR Shinecon;http://magazilla.ru/jpg_zoom1/1047297.jpg http://mzimg.com/big/c1/fclmp9jtpc1.jpg http://mzimg.com/big/l1/fclmpa1usl1.jpg http://mzimg.com/big/b1/fclmpacqfb1.jpg http://mzimg.com/big/e1/fclmpan8le1.jpg http://mzimg.com/big/21/fclmpav4n21.jpg
Очки виртуальной реальности;1047310;Очки виртуальной реальности VR Shinecon G02;1793;1345;1;3;"Вес (г): 350; Крепление на голову; Настройка межзрачкового расстояния; Настройка расстояния линз; Угол обзора (°): 110; Макс. диагональ телефона (""): 6; Источник сигнала: телефон";VR Shinecon;http://magazilla.ru/jpg_zoom1/1047310.jpg http://mzimg.com/big/n1/fclnaprvgn1.jpg http://mzimg.com/big/u1/fclnaq6leu1.jpg http://mzimg.com/big/a1/fclnaqe0fa1.jpg
Очки виртуальной реальности;1047333;Очки виртуальной реальности VR Shinecon G03;1620;1377;1;12;"Вес (г): 242; Крепление на голову; Настройка межзрачкового расстояния; Настройка расстояния линз; Угол обзора (°): 110; Макс. диагональ телефона (""): 6; Источник сигнала: телефон";VR Shinecon;http://magazilla.ru/jpg_zoom1/1047333.jpg http://mzimg.com/big/01/fclol61of01.jpg http://mzimg.com/big/31/fclon47zl31.jpg
Очки виртуальной реальности;1081096;Очки виртуальной реальности Homido Grab;1085;1085;0;12;"Вес (г): 240; Магнитная кнопка; Угол обзора (°): 100; Макс. диагональ телефона (""): 5.7; Источник сигнала: телефон ";Homido;http://magazilla.ru/jpg_zoom1/1081096.jpg http://mzimg.com/big/71/fe2rloflx71.jpg http://mzimg.com/big/91/fe2rloyuu91.jpg http://mzimg.com/big/71/fe2rlp8fw71.jpg http://mzimg.com/big/p1/fe2rlpfr6p1.jpg http://mzimg.com/big/h1/fe2rlpnrfh1.jpg http://mzimg.com/big/u1/fe2rlpueku1.jpg http://mzimg.com/big/01/fe2rlpz1f01.jpg http://mzimg.com/big/z1/fe2rlq3qpz1.jpg http://mzimg.com/big/l1/fe2rlq9bql1.jpg http://mzimg.com/big/31/fe2rlqh5931.jpg http://mzimg.com/big/u1/fe2rlqpinu1.jpg http://mzimg.com/big/l1/fe2rlqzc0l1.jpg http://mzimg.com/big/d1/fe2rlr4dyd1.jpg http://mzimg.com/big/y1/fe2rlradsy1.jpg http://mzimg.com/big/i1/fe2rlrhp5i1.jpg http://mzimg.com/big/c1/fe2rlrpkvc1.jpg http://mzimg.com/big/w1/fe2rlrwqpw1.jpg http://mzimg.com/big/31/fe2rls3pl31.jpg http://mzimg.com/big/e1/fe2rlsdxde1.jpg http://mzimg.com/big/21/fe2rlslqt21.jpg http://mzimg.com/big/x1/fe2rlsv92x1.jpg http://mzimg.com/big/c1/fe2roo3wqc1.jpg http://mzimg.com/big/y1/fe2roo9mwy1.jpg http://mzimg.com/big/d1/fe2roofahd1.jpg
Очки виртуальной реальности;1081152;Очки виртуальной реальности Homido V2;4166;3125;1;7;"Вес (г): 340; Крепление на голову; Магнитная кнопка; Настройка межзрачкового расстояния; Настройка расстояния линз; Угол обзора (°): 105; Макс. диагональ телефона (""): 6; Источник сигнала: телефон ";Homido;http://magazilla.ru/jpg_zoom1/1081152.jpg http://mzimg.com/big/r1/fe2sal3djr1.jpg http://mzimg.com/big/h1/fe2saliofh1.jpg http://mzimg.com/big/h1/fe2salrzoh1.jpg http://mzimg.com/big/n1/fe2sam0ien1.jpg
Очки виртуальной реальности;1081178;Очки виртуальной реальности Homido Mini;867;737;1;2;"Вес (г): 22; Угол обзора (°): 85; Макс. диагональ телефона (""): 5.5; Источник сигнала: телефон";Homido;http://magazilla.ru/jpg_zoom1/1081178.jpg http://mzimg.com/big/d1/fe2stk9gyd1.jpg http://mzimg.com/big/31/fe2stklgz31.jpg http://mzimg.com/big/r1/fe2stkr59r1.jpg http://mzimg.com/big/y1/fe2stkwf6y1.jpg http://mzimg.com/big/u1/fe2stl27du1.jpg http://mzimg.com/big/91/fe2stl90i91.jpg
Очки виртуальной реальности;1152722;Очки виртуальной реальности Xiaomi Mi VR Play 2;1859;1859;0;2;"Вес (г): 183; Крепление на голову; Магнитная кнопка; Макс. диагональ телефона (""): 5.7; Источник сигнала: телефон";Xiaomi;http://magazilla.ru/jpg_zoom1/1152722.jpg http://mzimg.com/big/v1/fh89os14qv1.jpg http://mzimg.com/big/s1/fh89osbx4s1.jpg http://mzimg.com/big/y1/fh89osin4y1.jpg http://mzimg.com/big/m1/fh89osmwlm1.jpg http://mzimg.com/big/31/fh89osqt431.jpg http://mzimg.com/big/z1/fh89plc7ez1.jpg
Очки виртуальной реальности;1161929;Очки виртуальной реальности Remax RT-V02;591;443;1;10;"Вес (г): 155; Крепление на голову; Настройка межзрачкового расстояния; Настройка расстояния линз; Макс. диагональ телефона (""): 6; Источник сигнала: телефон";Remax;http://magazilla.ru/jpg_zoom1/1161929.jpg http://mzimg.com/big/h1/fhod45yi8h1.jpg http://mzimg.com/big/i1/fhod46cswi1.jpg http://mzimg.com/big/t1/fhod46hzit1.jpg http://mzimg.com/big/71/fhod46n2971.jpg
Подставки и крепления;1014037;Подставка/крепление Always Star PL3301;21450;18233;1;14;"Размеры (мм): 1200x1230x440; Материал полок: стекло; Материал тумбы: металл; 600x400 мм; 500x400 мм; 400x400 мм; 400x300 мм; 400x200 мм; 300x400 мм; 300x300 мм; 300x200 мм; 200x400 мм; 200х300 мм; Наличие креплений VESA: 200x200 мм; регулировка высоты; Регулировки: поворот; Макс. нагрузка (кг): 120";Always Star;http://magazilla.ru/jpg_zoom1/1014037.jpg
Подставки и крепления;1014056;Подставка/крепление Always Star PL3302;31460;31460;0;6;"Размеры (мм): 1200x1230x440; Материал полок: стекло; Материал тумбы: металл; 600x400 мм; 500x400 мм; 400x400 мм; 400x300 мм; 400x200 мм; 300x400 мм; 300x300 мм; 300x200 мм; 200x400 мм; 200х300 мм; Наличие креплений VESA: 200x200 мм; регулировка высоты; Регулировки: поворот; Макс. нагрузка (кг): 140";Always Star;http://magazilla.ru/jpg_zoom1/1014056.jpg
Подставки и крепления;1014083;Подставка/крепление Always Star PL3400;22880;17160;1;3;"Размеры (мм): 1200x1230x440; Материал полок: стекло; Материал тумбы: металл; 600x400 мм; 500x400 мм; 400x400 мм; 400x300 мм; 400x200 мм; 300x400 мм; 300x300 мм; 300x200 мм; 200x400 мм; 200х300 мм; Наличие креплений VESA: 200x200 мм; регулировка высоты; Регулировки: поворот; Макс. нагрузка (кг): 120";Always Star;http://magazilla.ru/jpg_zoom1/1014083.jpg http://www.pult.ru/upload/iblock/51a/51adf8bc5dbeec0f98abf0a0e21d74d5.jpg http://www.pult.ru/upload/iblock/558/558db41484904f5d8ab76c1906d17cb4.jpg http://www.pult.ru/upload/iblock/1d4/1d41f4dff8a158d388efd8510e602b5a.jpg
Подставки и крепления;1014133;Подставка/крепление Always Star PL3500;22880;19448;1;13;"Размеры (мм): 1200x570x440; Материал полок: стекло; Регулировки: Наличие креплений VESA: Материал тумбы: металл; Макс. нагрузка (кг): 65; Макс. диагональ (""): 50; Исполнение тумбы: классическая; Тип: тумба";Always Star;http://magazilla.ru/jpg/1014133.jpg http://www.pult.ru/upload/iblock/2de/2de8a0c0c12dd22554c3e300d8627163.jpg http://www.pult.ru/upload/iblock/886/88693021d710ac2ed0473fd5cfe7c3e4.jpg
Подставки и крепления;1014184;Подставка/крепление Always Star PL3100;18590;18590;0;13;"Размеры (мм): 1200x1010x440; Материал полок: стекло; Материал тумбы: металл; 600x400 мм; 500x400 мм; 400x400 мм; 400x300 мм; 400x200 мм; 300x400 мм; 300x300 мм; 300x200 мм; 200x400 мм; 200х300 мм; Наличие креплений VESA: 200x200 мм; регулировка высоты; Регулировки: поворот; Макс. нагрузка (кг): 100";Always Star;http://magazilla.ru/jpg/1014184.jpg http://www.pult.ru/upload/iblock/f64/f6458238127f604a63279bf305aee489.jpg http://www.pult.ru/upload/iblock/723/723e4d625ef5bd1478c21a94e797316f.jpg http://www.pult.ru/upload/iblock/8ec/8ec4774521db45994edc33b18f11b8e0.jpg
Подставки и крепления;1014196;Подставка/крепление Always Star PL3200;20020;15015;1;9;"Размеры (мм): 1200x1230x440; Материал полок: стекло; Материал тумбы: металл; 600x400 мм; 500x400 мм; 400x400 мм; 400x300 мм; 400x200 мм; 300x400 мм; 300x300 мм; 300x200 мм; 200x400 мм; 200х300 мм; Наличие креплений VESA: 200x200 мм; регулировка высоты; Регулировки: поворот; Макс. нагрузка (кг): 120";Always Star;http://magazilla.ru/jpg_zoom1/1014196.jpg http://www.pult.ru/upload/iblock/f58/f58687153570528e923767a6076b4e3d.jpg http://www.pult.ru/upload/iblock/77b/77be4bc1abc2aa696d6d5a16eedc21a6.jpg
Подставки и крепления;1014216;Подставка/крепление Always Star PL3303;31460;26741;1;15;"Размеры (мм): 1200x1230x440; Материал полок: стекло; Материал тумбы: металл; 600x400 мм; 500x400 мм; 400x400 мм; 400x300 мм; 400x200 мм; 300x400 мм; 300x300 мм; 300x200 мм; 200x400 мм; 200х300 мм; Наличие креплений VESA: 200x200 мм; регулировка высоты; Регулировки: поворот; Макс. нагрузка (кг): 140";Always Star;http://magazilla.ru/jpg/1014216.jpg
Подставки и крепления;1015332;Подставка/крепление DIGIS DSM21-44F;451;451;0;7;"Размеры (мм): 433x425x27; 400x400 мм; 400x300 мм; 400x200 мм; 300x400 мм; 300x300 мм; 300x200 мм; 200x400 мм; 200х300 мм; 200x200 мм; 200x100 мм; 100x200 мм; Регулировки: Наличие креплений VESA: 100x100 мм; Максимальное расстояние от стены (мм): 27; Минимальное расстояние от стены (мм): 27; Макс. нагрузка (кг): 50";DIGIS;http://mzimg.com/big/u1/fb6pjb6hlu1.jpg http://mzimg.com/big/11/fb6pjft1m11.jpg
Подставки и крепления;1055956;Подставка/крепление Vivanco WF 3220;931;698;1;2;"Размеры (мм): 225x217; 200x100 мм; 100x200 мм; 100x100 мм; 75x75 мм; Регулировки: Наличие креплений VESA: 50x50 мм; Макс. нагрузка (кг): 20; Макс. диагональ (""): 32; Мин. диагональ (""): 10; Тип: настенное крепление";Vivanco;http://magazilla.ru/jpg_zoom1/1055956.jpg
Подставки и крепления;1056073;Подставка/крепление Vivanco WTL 6;25848;21971;1;13;"Размеры (мм): 682x413x38; 600x400 мм; 500x400 мм; 400x400 мм; 400x300 мм; 400x200 мм; 300x400 мм; 300x300 мм; 300x200 мм; 200x400 мм; 200х300 мм; Наличие креплений VESA: 200x200 мм; отклонение; регулировка глубины; поворот; Регулировки: наклон; Максимальное расстояние от стены (мм): 412; Минимальное расстояние от стены (мм): 38";Vivanco;http://magazilla.ru/jpg_zoom1/1056073.jpg http://mzimg.com/big/s1/fczgdrjbas1.jpg http://mzimg.com/big/l1/fczgds0tul1.jpg
Проекционное оборудование;1003200328;"Проекционный экран Draper Luma 4:3 [Luma 305/120""]";8407;8407;0;3;;;http://magazilla.ru/jpg/784460.jpg
Проекционное оборудование;1007971;Проектор Acer A1500;50330;37748;1;13;"Вес (кг): 2.73; Габариты (мм): 98x315x214; поддержка 3D; датчик освещения; Обратная; Коррекция трапеции; Оптическое увеличение (x): 1.3; Фокусировка: ручная; 7.62; Диагональ изображения (м): 0.78 – Макс. растояние (м): 7.5; Мин. растояние (м): 1; Форматы изображения: 16:9, 16:10, 4:3; Разрешение (пикс): 1920x1080";Acer;http://magazilla.ru/jpg_zoom1/1007971.jpg http://mzimg.com/big/i1/faxpl1rpki1.jpg http://mzimg.com/big/91/faxplgux091.jpg http://mzimg.com/big/s1/faxplnvvvs1.jpg http://mzimg.com/big/w1/faygis51cw1.jpg http://mzimg.com/big/g1/faygk2xe3g1.jpg http://mzimg.com/big/m1/faygkaabzm1.jpg
Проекционное оборудование;1008435;Проектор NEC M303WS;50006;42505;1;6;"Вес (кг): 3.6; Габариты (мм): 97x368x286; поддержка 3D; Обратная; Коррекция трапеции; Фокусировка: ручная; Диагональ изображения (м): 1.52 – 3.81; Макс. растояние (м): 1.48; Мин. растояние (м): 0.56; Форматы изображения: 16:10, 4:3, 16:9; Разрешение (пикс): 1280x800; Динамическая контрастность: 10 000:1";NEC;http://magazilla.ru/jpg_zoom1/1008435.jpg http://mzimg.com/big/21/fayjoqyl821.jpg http://mzimg.com/big/81/fayjowq5y81.jpg http://mzimg.com/big/v1/fayjp5jjkv1.jpg http://mzimg.com/big/h1/fayjpcxkyh1.jpg http://mzimg.com/big/e1/fayjpjyd9e1.jpg
Проекционное оборудование;1009599452;"Проекционный экран Draper Premier [Premier 269/106""]";136947;136947;0;11;;;http://magazilla.ru/jpg/250669.jpg
Проекционное оборудование;1009670;Проектор InFocus IN128HDSTx;65450;49088;1;5;"Вес (кг): 2.3; Габариты (мм): 130x300x230; поддержка 3D; Обратная; Коррекция трапеции; Фокусировка: ручная; Диагональ изображения (м): 0.76 – 3.05; Макс. растояние (м): 3.1; Мин. растояние (м): 0.8; Форматы изображения: 16:9, 16:10, 4:3; Разрешение (пикс): 1920x1080; Динамическая контрастность: 15 000:1";InFocus;http://magazilla.ru/jpg_zoom1/1009670.jpg http://mzimg.com/big/n1/fayvm47j6n1.jpg http://mzimg.com/big/y1/fayvmb7v1y1.jpg http://mzimg.com/big/91/fayvmg98991.jpg http://mzimg.com/big/n1/fazmwgqtxn1.jpg
Проекционное оборудование;1009720;Проектор InFocus IN124STx;45141;38370;1;13;"Вес (кг): 2.3; Габариты (мм): 130x300x230; поддержка 3D; Обратная; Коррекция трапеции; Фокусировка: ручная; Диагональ изображения (м): 0.91 – 3.05; Макс. растояние (м): 3.1; Мин. растояние (м): 0.9; Форматы изображения: 4:3, 16:9, 16:10; Разрешение (пикс): 1024x768; Динамическая контрастность: 14 000:1";InFocus;http://magazilla.ru/jpg_zoom1/1009720.jpg http://mzimg.com/big/01/fazpexguq01.jpg http://mzimg.com/big/61/fazpf2r0z61.jpg http://mzimg.com/big/11/fazpf7whv11.jpg http://mzimg.com/big/11/fazpfcprq11.jpg
Проекционное оборудование;1009740;Проектор InFocus IN126STx;52252;52252;0;3;"Вес (кг): 2.3; Габариты (мм): 130x300x230; поддержка 3D; Обратная; Коррекция трапеции; Фокусировка: ручная; Диагональ изображения (м): 0.79 – 3.05; Макс. растояние (м): 3.1; Мин. растояние (м): 0.8; Форматы изображения: 16:10, 4:3; Разрешение (пикс): 1280x800; Динамическая контрастность: 14 000:1; Яркость (лм): 3700";InFocus;http://magazilla.ru/jpg_zoom1/1009740.jpg http://mzimg.com/big/31/fazpco62731.jpg http://mzimg.com/big/i1/fazpcvx8si1.jpg http://mzimg.com/big/z1/fazpdhngyz1.jpg http://mzimg.com/big/71/fazpdombh71.jpg
Проекционное оборудование;1009750;Проектор Optoma X355;40629;30472;1;5;"Вес (кг): 2.52; Габариты (мм): 96.5x298x230; поддержка 3D; Обратная; Коррекция трапеции; Оптическое увеличение (x): 1.3; Фокусировка: ручная; Диагональ изображения (м): 0.78 – 7.65; Макс. растояние (м): 9.1; Мин. растояние (м): 1.2; Форматы изображения: 4:3, 16:9; Разрешение (пикс): 1024x768; Динамическая контрастность: 22 000:1";Optoma;http://magazilla.ru/jpg_zoom1/1009750.jpg http://mzimg.com/big/f1/fazpycj21f1.jpg http://mzimg.com/big/v1/fazpyk1jvv1.jpg http://mzimg.com/big/g1/fazpyrpusg1.jpg http://mzimg.com/big/g1/fazpywk3eg1.jpg
Проекционное оборудование;1010004;Проектор Optoma W345;39888;33905;1;5;"Вес (кг): 2.41; Габариты (мм): 96.5x298x230; поддержка 3D; Обратная; Коррекция трапеции; Оптическое увеличение (x): 1.3; Фокусировка: ручная; Диагональ изображения (м): 0.95 – 7.65; Макс. растояние (м): 7.7; Мин. растояние (м): 1.2; Форматы изображения: 16:10, 4:3, 16:9; Разрешение (пикс): 1280x800";Optoma;http://magazilla.ru/jpg_zoom1/1010004.jpg http://mzimg.com/big/p1/fazskafp9p1.jpg http://mzimg.com/big/d1/fazskoajgd1.jpg http://mzimg.com/big/71/fazskts9471.jpg http://mzimg.com/big/h1/fazskyorph1.jpg
Проекционное оборудование;1010025;Проектор Optoma EH345;55550;55550;0;4;"Вес (кг): 2.47; Габариты (мм): 96.5x298x230; поддержка 3D; Обратная; Коррекция трапеции; Оптическое увеличение (x): 1.3; Фокусировка: ручная; Диагональ изображения (м): 1.01 – 7.62; Макс. растояние (м): 7.5; Мин. растояние (м): 1.3; Форматы изображения: 16:10, 4:3, 16:9; Разрешение (пикс): 1920x1080";Optoma;http://magazilla.ru/jpg_zoom1/1010025.jpg http://mzimg.com/big/41/fazt126fs41.jpg http://mzimg.com/big/p1/fazt1adxqp1.jpg http://mzimg.com/big/k1/fazt1v31hk1.jpg http://mzimg.com/big/p1/fazt22kyhp1.jpg
ТВ антенны;1048598;ТВ антенна Antex CIFRA-9;1661;1246;1;13;"Изменяемый угол наклона; Усилитель; Частотный диапазон UHF (МГц): 470 – 750; Коэффициент усиления (дБ): 9.5; Тип установки: уличная; DVB-T/T2; Аналоговое ТВ";Antex;http://magazilla.ru/jpg_zoom1/1048598.jpg http://mzimg.com/big/e1/fcq4u3zwye1.jpg http://mzimg.com/big/41/fcq4ulhyi41.jpg http://mzimg.com/big/t1/fcq4v2unct1.jpg
ТВ антенны;1048626;ТВ антенна Antex CIFRA-6;1355;1152;1;13;"Изменяемый угол наклона; Усилитель; Частотный диапазон UHF (МГц): 470 – 790; Коэффициент усиления (дБ): 7; Тип установки: уличная; DVB-T/T2; Аналоговое ТВ";Antex;http://magazilla.ru/jpg_zoom1/1048626.jpg http://mzimg.com/big/m1/fcq5c4yf0m1.jpg http://mzimg.com/big/s1/fcq5c5jd0s1.jpg http://mzimg.com/big/41/fcq5c5re341.jpg http://mzimg.com/big/e1/fcq5c6gkae1.jpg http://mzimg.com/big/31/fcq5c72s931.jpg http://mzimg.com/big/y1/fcq5c82fry1.jpg
ТВ антенны;1048880;ТВ антенна Antex CIFRA-12;3188;3188;0;15;"Изменяемый угол наклона; Усилитель; Частотный диапазон UHF (МГц): 470 – 790; Коэффициент усиления (дБ): 12; Тип установки: уличная; DVB-T/T2; Аналоговое ТВ";Antex;http://magazilla.ru/jpg_zoom1/1048880.jpg http://mzimg.com/big/a1/fcq7lngvqa1.jpg http://mzimg.com/big/n1/fcq7lnvupn1.jpg http://mzimg.com/big/e1/fcq7lye3oe1.jpg http://mzimg.com/big/11/fcq7lz14011.jpg http://mzimg.com/big/w1/fcq7lzbbmw1.jpg
ТВ антенны;1177596;ТВ антенна Remo Horizon;759;569;1;15;"Длина антенны (см): 21; Длина кабеля (м): 1.2; Усилитель; Частотный диапазон UHF (МГц): 470 – 862; Частотный диапазон VHF (МГц): 174 – 470; Коэффициент усиления (дБ): 35; Тип установки: комнатная; DVB-T/T2; Аналоговое ТВ";Remo;http://magazilla.ru/jpg_zoom1/1177596.jpg http://mzimg.com/big/r1/fi6xs34far1.jpg http://mzimg.com/big/61/fi6xs3gk961.jpg http://mzimg.com/big/21/fi6xs3lwo21.jpg
ТВ антенны;1188323;ТВ антенна Hama HD38;1071;910;1;5;"Длина антенны (см): 12; Длина кабеля (м): 1.5; Усилитель; Частотный диапазон UHF (МГц): 30 – 950; Коэффициент усиления (дБ): 38; Тип установки: комнатная; FM-радио; DVB-T/T2; Аналоговое ТВ";Hama;http://magazilla.ru/jpg_zoom1/1188323.jpg http://mzimg.com/big/q1/fin4eszmiq1.jpg http://mzimg.com/big/x1/fin4etfjsx1.jpg http://mzimg.com/big/u1/fin4etmjju1.jpg
ТВ антенны;1294348;ТВ антенна GAL AR-458;759;759;0;15;"Длина кабеля (м): 2; Частотный диапазон UHF (МГц): 470 – 862; Частотный диапазон VHF (МГц): 47 – 230; Коэффициент усиления (дБ): 28; Тип установки: комнатная; FM-радио; DVB-T/T2; Аналоговое ТВ";GAL;http://magazilla.ru/jpg_zoom1/1294348.jpg http://mzimg.com/big/e1/fnrsb1p2oe1.jpg
ТВ антенны;1294358;ТВ антенна GAL AN-825;1309;982;1;4;"Усилитель; Частотный диапазон UHF (МГц): 470 – 862; Частотный диапазон VHF (МГц): 174 – 230; Коэффициент усиления (дБ): 26; Тип установки: уличная; FM-радио; DVB-T/T2; Аналоговое ТВ";GAL;http://magazilla.ru/jpg/1294358.jpg
ТВ антенны;1294386;ТВ антенна GAL AN-815;614;522;1;9;"Усилитель; Частотный диапазон UHF (МГц): 470 – 862; Коэффициент усиления (дБ): 28; Тип установки: уличная; DVB-T/T2; Аналоговое ТВ";GAL;http://mzimg.com/big/u1/fnrtdj36mu1.jpg
ТВ антенны;1294403;ТВ антенна GAL DA-600;1419;1419;0;9;"Усилитель; Частотный диапазон UHF (МГц): 470 – 860; Частотный диапазон VHF (МГц): 40 – 230; Коэффициент усиления (дБ): 20; Тип установки: комнатная; FM-радио; DVB-T/T2; Аналоговое ТВ";GAL;http://magazilla.ru/jpg_zoom1/1294403.jpg
ТВ антенны;1294415;ТВ антенна GAL AN-830;1705;1279;1;13;"Длина антенны (см): 180; Усилитель; Частотный диапазон UHF (МГц): 470 – 862; Частотный диапазон VHF (МГц): 49 – 230; Коэффициент усиления (дБ): 33; Тип установки: уличная; FM-радио; DVB-T/T2; Аналоговое ТВ";GAL;http://magazilla.ru/jpg/1294415.jpg
ТВ тюнеры;1016661;ТВ тюнер Selenga T60;1538;1307;1;2;"Вес (г): 235; Габариты (мм): 90x25x60; Подключение выносного ИК-датчика; Пульт ДУ; USB; HDMI: 1 шт; композитный; Телетекст; Телегид; Time shift; Запись видео; Разрешение видео: 480i, 480p, 576i, 576p, 720p, 1080i, 1080p; DVB-T2 (эфирное); DVB-T (эфирное); Тип: внешний тюнер";Selenga;http://magazilla.ru/jpg_zoom1/1016661.jpg http://mzimg.com/big/81/fb835wc8j81.jpg http://mzimg.com/big/n1/fb836i1x6n1.jpg http://mzimg.com/big/t1/fb836q05zt1.jpg http://mzimg.com/big/01/fb837hbq401.jpg
ТВ тюнеры;1016997;ТВ тюнер Selenga HD860;1731;1731;0;10;"Вес (г): 435; Габариты (мм): 148x35x82; Подключение выносного ИК-датчика; Пульт ДУ; USB; HDMI: 1 шт; коаксиальный (SPDIF); композитный; Телетекст; Телегид; Time shift; Запись видео; Разрешение видео: 480i, 480p, 576i, 576p, 720p, 1080i, 1080p; DVB-T2 (эфирное); DVB-T (эфирное); Тип: внешний тюнер ";Selenga;http://magazilla.ru/jpg_zoom1/1016997.jpg http://mzimg.com/big/g1/fb8zb1molg1.jpg http://mzimg.com/big/21/fb8zb81qo21.jpg http://mzimg.com/big/51/fb8zbdac951.jpg http://mzimg.com/big/v1/fb8zdc7mdv1.jpg
ТВ тюнеры;1017044;ТВ тюнер Selenga T71;2091;1568;1;3;"Вес (г): 373; Габариты (мм): 115x22x83; Подключение выносного ИК-датчика; Пульт ДУ; USB; HDMI: 1 шт; композитный; Телетекст; Телегид; Time shift; Запись видео; Разрешение видео: 480i, 480p, 576i, 576p, 720p, 1080i, 1080p; DVB-T2 (эфирное); DVB-T (эфирное); Тип: внешний тюнер ";Selenga;http://magazilla.ru/jpg_zoom1/1017044.jpg http://mzimg.com/big/k1/fb8zqu6unk1.jpg http://mzimg.com/big/l1/fb8zr2bfpl1.jpg http://mzimg.com/big/21/fb8zrbkmy21.jpg
ТВ тюнеры;1017049;ТВ тюнер Selenga HD80;1419;1206;1;8;"Вес (г): 375; Габариты (мм): 143x30x82; Подключение выносного ИК-датчика; Пульт ДУ; USB; HDMI: 1 шт; композитный; Телетекст; Телегид; Time shift; Запись видео; Разрешение видео: 480i, 480p, 576i, 576p, 720p, 1080i, 1080p; DVB-T2 (эфирное); DVB-T (эфирное); Тип: внешний тюнер";Selenga;http://magazilla.ru/jpg_zoom1/1017049.jpg http://mzimg.com/big/81/fb9019poh81.jpg http://mzimg.com/big/d1/fb901lmwcd1.jpg http://mzimg.com/big/m1/fb901uwflm1.jpg
ТВ тюнеры;1102704;ТВ тюнер Signal GI-777;760;760;0;3;"Габариты (мм): 120x90x32; Пульт ДУ; USB; HDMI: 1 шт; композитный; Телетекст; Телегид; Time shift; Запись видео; Разрешение видео: 720p, 1080i, 1080p; DVB-T2 (эфирное); DVB-T (эфирное); Тип: внешний тюнер";Signal;http://magazilla.ru/jpg_zoom1/1102704.jpg http://mzimg.com/big/t1/ff18rf9x5t1.jpg http://mzimg.com/big/21/ff18rfmy521.jpg
ТВ тюнеры;1102721;ТВ тюнер Signal HD-300;870;653;1;6;"Габариты (мм): 148x95x32; Пульт ДУ; USB; HDMI: 1 шт; композитный; Телетекст; Телегид; Time shift; Запись видео; Разрешение видео: 720p, 1080i, 1080p; DVB-T2 (эфирное); DVB-T (эфирное); Тип: внешний тюнер";Signal;http://magazilla.ru/jpg_zoom1/1102721.jpg
ТВ тюнеры;1102730;ТВ тюнер Signal HD-515;1222;1039;1;5;"Габариты (мм): 130x90x35; Пульт ДУ; USB; HDMI: 1 шт; коаксиальный (SPDIF); композитный; Телетекст; Телегид; Time shift; Запись видео; Разрешение видео: 720p, 1080i, 1080p; DVB-T2 (эфирное); DVB-T (эфирное); Тип: внешний тюнер";Signal;http://magazilla.ru/jpg_zoom1/1102730.jpg
ТВ тюнеры;1102766;ТВ тюнер Signal HD-555;854;854;0;4;"Габариты (мм): 132x75x30; Пульт ДУ; USB; HDMI: 1 шт; коаксиальный (SPDIF); композитный; Телетекст; Телегид; Time shift; Запись видео; Разрешение видео: 720p, 1080i, 1080p; DVB-T2 (эфирное); DVB-T (эфирное); Тип: внешний тюнер";Signal;http://magazilla.ru/jpg_zoom1/1102766.jpg
ТВ тюнеры;1102847;ТВ тюнер Aver Media Live Gamer Extreme;10439;7829;1;6;"Вес (г): 182; Габариты (мм): 145x97x29; USB; HDMI: 2 шт; компонентный; Time shift; Запись видео; Разрешение видео: 720i, 720p, 1080i, 1080p; Тип: устройство видеозахвата";Aver Media;http://magazilla.ru/jpg_zoom1/1102847.jpg http://mzimg.com/big/z1/ff1bnweqgz1.jpg http://mzimg.com/big/01/ff1bnwpya01.jpg http://mzimg.com/big/h1/ff1bnwueqh1.jpg http://mzimg.com/big/71/ff1bnx1ki71.jpg
ТВ тюнеры;1177840;ТВ тюнер BBK SMP021HDT2;832;707;1;10;"Вес (г): 100; Габариты (мм): 105x26x83; Пульт ДУ; USB; HDMI: 1 шт; коаксиальный (SPDIF); композитный; Телетекст; Телегид; Time shift; Запись видео; Разрешение видео: 480i, 480p, 576i, 576p, 720p, 1080i; DVB-T2 (эфирное); DVB-T (эфирное); Тип: внешний тюнер";BBK;http://magazilla.ru/jpg_zoom1/1177840.jpg
